day_of_week,avg_sleep_hours
Sun,7.545757575757576
Mon,6.991666666666666
Tue,6.742307692307692
Wed,7.24469696969697
Thu,6.68828125
Fri,6.757017543859649
Sat,6.984502923976608
