day_of_week,avg_steps,avg_active_minutes
Sun,6933.231404958678,208.48760330578511
Mon,7780.866666666667,229.16666666666666
Tue,8125.006578947368,234.6315789473684
Wed,7559.373333333333,223.73333333333332
Thu,7405.836734693878,216.7891156462585
Fri,7448.230158730159,236.36507936507937
Sat,8152.975806451613,244.26612903225808
